Pin,Category
Pin1,Food
Pin2,Art
Pin3,Photography
Pin4,Gaming
Pin5,Anime
Pin6,Food
Pin7,Art
Pin8,Photography
Pin9,Gaming
Pin10,Anime
Pin11,Food
Pin12,Art
Pin13,Photography
Pin14,Gaming
Pin15,Anime
Pin16,Food
Pin17,Art
Pin18,Photography
Pin19,Gaming
Pin20,Anime
Pin21,Food
Pin22,Art
Pin23,Photography
Pin24,Gaming
Pin25,Anime
Pin26,Food
Pin27,Art
Pin28,Photography
Pin29,Gaming
Pin30,Anime
Pin31,Food
Pin32,Art
Pin33,Photography
Pin34,Gaming
Pin35,Anime
Pin36,Food
Pin37,Art
Pin38,Photography
Pin39,Gaming
Pin40,Anime
